run,year,n,marrs,births,randDs,cullDs,GenetDes,GeneaDes,YDes,MtDes,nCents,nAlleles,nBlocks,TotFitness,nMuts,PercSeedGenoRet,AvSeedGenoCov,AvHet,HomMin,HomMaj,numSegSites,allelesLost,allelesFixed,avMinorFreq,freqVariance,TajimaPi,WattersonsTheta,Fis,Ne,numSegSitesSFS,singletons,doubletons,TajimasD,FuLiD,FayWuH,sfsMean,sfsVar,sfsSkew,sfsExtremes
1,0,9632,4148,0,0,0,9632,9632,0,0,0,29589504,0,0,0,100.9,0.0,%!f(int=29589504),%!f(int=00),%!f(int=00),3046,0,0,0.5000,0.000000,0.5000,0.0958,-1.0000,0.00,3046,0,0,0.0037,-0.4855,0.0000,0.5000,0.0000,0.0000,0.0000
1,100,7506,10462,20258,0,0,7506,7506,3703,7506,0,22917935,1171866,0,0,100.0,0.0,%!f(int=11327977),%!f(int=5794979),%!f(int=5935476),3046,0,0,0.4922,0.000094,0.4998,0.0981,0.0087,0.00,3046,0,0,0.0036,-0.5091,0.0000,0.5013,0.0001,0.0072,0.0000
1,200,10000,14554,35475,0,4092,10000,10000,5058,10000,0,30504354,2114820,0,0,100.0,0.0,%!f(int=14816626),%!f(int=7843864),%!f(int=8059510),3046,0,0,0.4900,0.000157,0.4997,0.0954,0.0265,0.00,3046,0,0,0.0037,-0.4821,0.0000,0.5007,0.0002,-0.2052,0.0000
1,300,10000,16168,37676,0,7311,10000,10000,4926,10000,0,30495085,2630106,0,0,100.0,0.0,%!f(int=14648811),%!f(int=7923137),%!f(int=8148052),3046,0,0,0.4884,0.000215,0.4996,0.0954,0.0373,0.00,3046,0,0,0.0037,-0.4821,0.0000,0.5006,0.0002,-0.3232,0.0000
1,400,10000,16012,37365,0,7103,10000,10000,4996,10000,0,30577382,3115387,0,0,100.0,0.0,%!f(int=14570626),%!f(int=8003378),%!f(int=8145996),3046,0,0,0.4857,0.000313,0.4994,0.0954,0.0421,0.00,3046,0,0,0.0037,-0.4821,0.0000,0.5019,0.0003,-0.4233,0.0000
1,500,10000,16134,37590,0,7559,10000,10000,4984,10000,0,30637601,3570288,0,0,100.0,0.0,%!f(int=14503975),%!f(int=8066813),%!f(int=8149212),3046,0,0,0.4834,0.000419,0.4991,0.0954,0.0460,0.00,3046,0,0,0.0037,-0.4821,0.0000,0.5029,0.0004,-0.3255,0.0000
1,600,10000,16195,37686,0,7342,10000,10000,5074,10000,0,30592463,3999600,0,0,100.0,0.0,%!f(int=14440073),%!f(int=8076195),%!f(int=8203732),3046,0,0,0.4816,0.000530,0.4989,0.0954,0.0498,0.00,3046,0,0,0.0037,-0.4821,0.0000,0.5022,0.0005,-0.2316,0.0000
1,700,10000,16266,37925,0,7581,10000,10000,4942,10000,0,30553540,4409160,0,0,100.0,0.0,%!f(int=14407476),%!f(int=8073032),%!f(int=8239492),3046,0,0,0.4804,0.000608,0.4988,0.0954,0.0517,0.00,3046,0,0,0.0037,-0.4821,0.0000,0.5015,0.0006,-0.2725,0.0000
1,800,10000,16151,37695,0,7632,10000,10000,5026,10000,0,30542554,4796061,0,0,100.0,0.0,%!f(int=14405518),%!f(int=8068518),%!f(int=8245964),3046,0,0,0.4793,0.000694,0.4986,0.0954,0.0515,0.00,3046,0,0,0.0037,-0.4821,0.0000,0.5014,0.0007,-0.3664,0.0000
1,900,10000,16340,38203,0,7681,10000,10000,4897,10000,0,30559971,5159587,0,0,100.0,0.0,%!f(int=14363733),%!f(int=8098119),%!f(int=8258148),3046,0,0,0.4778,0.000793,0.4984,0.0954,0.0539,0.00,3046,0,0,0.0037,-0.4821,0.0000,0.5017,0.0008,-0.2468,0.0000
1,1000,10000,16358,38164,0,7652,10000,10000,4980,10000,0,30575856,5510677,0,0,100.0,0.0,%!f(int=14382320),%!f(int=8096768),%!f(int=8240912),3046,0,0,0.4765,0.000884,0.4982,0.0954,0.0523,0.00,3046,0,0,0.0037,-0.4821,0.0000,0.5019,0.0009,-0.1996,0.0000
1,1100,10000,16329,37982,0,7702,10000,10000,4996,10000,0,30522431,5841526,0,0,100.0,0.0,%!f(int=14418013),%!f(int=8052209),%!f(int=8249778),3046,0,0,0.4745,0.001030,0.4979,0.0954,0.0494,0.00,3046,0,0,0.0037,-0.4821,0.0000,0.5011,0.0010,-0.2042,0.0000
1,1200,10000,16454,38570,0,8301,10000,10000,5155,10000,0,30543356,6155340,0,0,100.0,0.0,%!f(int=14422542),%!f(int=8060407),%!f(int=8237051),3046,0,0,0.4729,0.001150,0.4977,0.0954,0.0486,0.00,3046,0,0,0.0037,-0.4821,0.0000,0.5013,0.0012,-0.1993,0.0000
1,1300,10000,16594,38695,0,8021,10000,10000,4967,10000,0,30570939,6463247,0,0,100.0,0.0,%!f(int=14425051),%!f(int=8072944),%!f(int=8222005),3046,0,0,0.4719,0.001229,0.4975,0.0954,0.0482,0.00,3046,0,0,0.0037,-0.4821,0.0000,0.5019,0.0012,-0.2129,0.0000
1,1400,10000,16515,38487,0,8103,10000,10000,4958,10000,0,30529348,6747215,0,0,100.0,0.0,%!f(int=14402814),%!f(int=8063267),%!f(int=8253919),3046,0,0,0.4708,0.001316,0.4974,0.0954,0.0493,0.00,3046,0,0,0.0037,-0.4821,0.0000,0.5011,0.0013,-0.1895,0.0000
1,1500,10000,16577,38575,0,8013,10000,10000,4967,10000,0,30503894,7026743,0,0,100.0,0.0,%!f(int=14417046),%!f(int=8043424),%!f(int=8259530),3046,0,0,0.4698,0.001400,0.4972,0.0954,0.0480,0.00,3046,0,0,0.0037,-0.4821,0.0000,0.5007,0.0014,-0.1076,0.0000
1,1600,10000,16646,39088,0,8450,10000,10000,5035,10000,0,30483227,7298546,0,0,100.0,0.0,%!f(int=14404325),%!f(int=8039451),%!f(int=8276224),3046,0,0,0.4683,0.001547,0.4969,0.0954,0.0483,0.00,3046,0,0,0.0037,-0.4821,0.0000,0.5004,0.0016,-0.1403,0.0000
1,1700,10000,16710,39171,0,8692,10000,10000,4965,10000,0,30460010,7554748,0,0,100.0,0.0,%!f(int=14431268),%!f(int=8014371),%!f(int=8274361),3046,0,0,0.4667,0.001701,0.4966,0.0954,0.0460,0.00,3046,0,0,0.0037,-0.4821,0.0000,0.5001,0.0017,-0.1230,0.0000
1,1800,10000,16474,38486,0,7974,10000,10000,4945,10000,0,30453043,7807674,0,0,100.0,0.0,%!f(int=14468453),%!f(int=7992295),%!f(int=8259252),3046,0,0,0.4650,0.001890,0.4962,0.0954,0.0428,0.00,3046,0,0,0.0037,-0.4821,0.0000,0.4998,0.0019,-0.1076,0.0000
1,1900,10000,16720,38973,0,8195,10000,10000,4954,10000,0,30417975,8046773,0,0,100.0,0.0,%!f(int=14486077),%!f(int=7965949),%!f(int=8267974),3046,0,0,0.4635,0.002069,0.4959,0.0954,0.0409,0.00,3046,0,0,0.0037,-0.4821,0.0000,0.4994,0.0021,-0.0968,0.0000
1,2000,10000,16774,39411,0,8770,10000,10000,4997,10000,0,30401718,8280847,0,0,100.0,0.0,%!f(int=14539450),%!f(int=7931134),%!f(int=8249416),3046,0,0,0.4615,0.002305,0.4954,0.0954,0.0365,0.00,3046,0,0,0.0037,-0.4821,0.0000,0.4991,0.0023,-0.0917,0.0000
1,2100,10000,16758,38948,0,8434,10000,10000,5028,10000,0,30370615,8507158,0,0,100.0,0.0,%!f(int=14561051),%!f(int=7904782),%!f(int=8254167),3046,0,0,0.4601,0.002492,0.4950,0.0954,0.0343,0.00,3046,0,0,0.0037,-0.4821,0.0000,0.4986,0.0025,-0.0861,0.0000
1,2200,10000,16778,39101,0,8705,10000,10000,4929,10000,0,30359617,8724099,0,0,100.0,0.0,%!f(int=14574541),%!f(int=7892538),%!f(int=8252921),3046,0,0,0.4592,0.002611,0.4948,0.0954,0.0329,0.00,3046,0,0,0.0037,-0.4821,0.0000,0.4983,0.0026,-0.0801,0.0000
1,2300,10000,16801,39257,0,8521,10000,10000,4979,10000,0,30370158,8922230,0,0,100.0,0.0,%!f(int=14580132),%!f(int=7895013),%!f(int=8244855),3046,0,0,0.4577,0.002806,0.4944,0.0954,0.0318,0.00,3046,0,0,0.0037,-0.4821,0.0000,0.4986,0.0028,-0.0732,0.0000
1,2400,10000,16701,39381,0,8611,10000,10000,5094,10000,0,30389395,9119676,0,0,100.0,0.0,%!f(int=14590265),%!f(int=7899565),%!f(int=8230170),3046,0,0,0.4564,0.002987,0.4940,0.0954,0.0304,0.00,3046,0,0,0.0037,-0.4821,0.0000,0.4990,0.0030,-0.0730,0.0000
1,2500,10000,16909,39329,0,8833,10000,10000,5015,10000,0,30413243,9310951,0,0,100.0,0.0,%!f(int=14602855),%!f(int=7905194),%!f(int=8211951),3046,0,0,0.4554,0.003146,0.4937,0.0954,0.0290,0.00,3046,0,0,0.0037,-0.4821,0.0000,0.4993,0.0032,-0.0573,0.0000
1,2600,10000,16789,39450,0,8684,10000,10000,4923,10000,0,30403264,9499369,0,0,100.0,0.0,%!f(int=14629046),%!f(int=7887109),%!f(int=8203845),3046,0,0,0.4541,0.003324,0.4934,0.0954,0.0265,0.00,3046,0,0,0.0037,-0.4821,0.0000,0.4991,0.0033,-0.0562,0.0000
1,2700,10000,16859,39449,0,8833,10000,10000,5000,10000,0,30410672,9666875,0,0,100.0,0.0,%!f(int=14633690),%!f(int=7888491),%!f(int=8197819),3046,0,0,0.4532,0.003457,0.4931,0.0954,0.0257,0.00,3046,0,0,0.0037,-0.4821,0.0000,0.4992,0.0035,-0.0322,0.0000
1,2800,10000,16998,39780,0,9478,10000,10000,5007,10000,0,30413285,9840212,0,0,100.0,0.0,%!f(int=14639351),%!f(int=7886967),%!f(int=8193682),3046,0,0,0.4522,0.003636,0.4927,0.0954,0.0246,0.00,3046,0,0,0.0036,-0.4821,0.0000,0.4992,0.0036,-0.0416,0.0000
1,2900,10000,16999,39532,0,8916,10000,10000,5023,10000,0,30411218,9997576,0,0,100.0,0.0,%!f(int=14655110),%!f(int=7878054),%!f(int=8186836),3046,0,0,0.4517,0.003707,0.4926,0.0954,0.0233,0.00,3046,0,0,0.0036,-0.4821,0.0000,0.4993,0.0037,-0.0316,0.0000
1,3000,10000,16787,39103,0,8568,10000,10000,5051,10000,0,30426192,10160815,0,0,100.0,0.0,%!f(int=14663966),%!f(int=7881113),%!f(int=8174921),3046,0,0,0.4503,0.003925,0.4921,0.0954,0.0218,0.00,3046,0,0,0.0036,-0.4821,0.0000,0.4994,0.0039,-0.0323,0.0000
1,3100,10000,16758,39463,0,8538,10000,10000,5108,10000,0,30441141,10307506,0,0,100.0,0.0,%!f(int=14673703),%!f(int=7883719),%!f(int=8162578),3046,0,0,0.4493,0.004078,0.4918,0.0954,0.0205,0.00,3046,0,0,0.0036,-0.4821,0.0000,0.4998,0.0041,-0.0236,0.0000
1,3200,10000,17068,39413,0,8905,10000,10000,4990,10000,0,30432885,10449790,0,0,100.0,0.0,%!f(int=14697247),%!f(int=7867819),%!f(int=8154934),3046,0,0,0.4478,0.004312,0.4914,0.0954,0.0180,0.00,3046,0,0,0.0036,-0.4821,0.0000,0.4996,0.0043,-0.0252,0.0000
1,3300,10000,16844,39452,0,8884,10000,10000,5079,10000,0,30416509,10587344,0,0,100.0,0.0,%!f(int=14701469),%!f(int=7857520),%!f(int=8161011),3046,0,0,0.4470,0.004421,0.4912,0.0954,0.0173,0.00,3046,0,0,0.0036,-0.4821,0.0000,0.4993,0.0044,-0.0463,0.0000
1,3400,10000,16968,39927,0,9150,10000,10000,4984,10000,0,30400186,10728721,0,0,100.0,0.0,%!f(int=14708060),%!f(int=7846063),%!f(int=8165877),3046,0,0,0.4458,0.004630,0.4907,0.0954,0.0160,0.00,3046,0,0,0.0036,-0.4821,0.0000,0.4990,0.0046,-0.0390,0.0000
1,3500,10000,16880,39624,0,8789,10000,10000,4979,10000,0,30399107,10851484,0,0,100.0,0.0,%!f(int=14710731),%!f(int=7844188),%!f(int=8165081),3046,0,0,0.4452,0.004736,0.4905,0.0954,0.0154,0.00,3046,0,0,0.0036,-0.4821,0.0000,0.4990,0.0047,-0.0402,0.0000
1,3600,10000,17042,39674,0,8977,10000,10000,5038,10000,0,30408965,10980328,0,0,100.0,0.0,%!f(int=14708833),%!f(int=7850066),%!f(int=8161101),3046,0,0,0.4438,0.004950,0.4901,0.0954,0.0147,0.00,3046,0,0,0.0036,-0.4821,0.0000,0.4992,0.0050,-0.0453,0.0000
1,3700,10000,16910,39662,0,8894,10000,10000,4985,10000,0,30396102,11097223,0,0,100.0,0.0,%!f(int=14700050),%!f(int=7848026),%!f(int=8171924),3046,0,0,0.4431,0.005086,0.4898,0.0954,0.0147,0.00,3046,0,0,0.0036,-0.4821,0.0000,0.4989,0.0051,-0.0673,0.0000
1,3800,10000,16988,39506,0,9196,10000,10000,4998,10000,0,30376148,11211951,0,0,100.0,0.0,%!f(int=14708388),%!f(int=7833880),%!f(int=8177732),3046,0,0,0.4425,0.005220,0.4896,0.0954,0.0136,0.00,3046,0,0,0.0036,-0.4821,0.0000,0.4987,0.0052,-0.0612,0.0000
1,3900,10000,17075,39745,0,9196,10000,10000,5016,10000,0,30371275,11322702,0,0,100.0,0.0,%!f(int=14711719),%!f(int=7829778),%!f(int=8178503),3046,0,0,0.4414,0.005420,0.4892,0.0954,0.0126,0.00,3046,0,0,0.0036,-0.4821,0.0000,0.4985,0.0054,-0.0725,0.0000
1,4000,10000,16988,39242,0,8845,10000,10000,4971,10000,0,30366613,11427536,0,0,100.0,0.0,%!f(int=14707457),%!f(int=7829578),%!f(int=8182965),3046,0,0,0.4405,0.005601,0.4888,0.0954,0.0122,0.00,3046,0,0,0.0036,-0.4821,0.0000,0.4985,0.0056,-0.0548,0.0000
1,4100,10000,17034,39663,0,8963,10000,10000,5005,10000,0,30359240,11526408,0,0,100.0,0.0,%!f(int=14704116),%!f(int=7827562),%!f(int=8188322),3046,0,0,0.4401,0.005674,0.4886,0.0954,0.0121,0.00,3046,0,0,0.0036,-0.4821,0.0000,0.4984,0.0057,-0.0506,0.0000
1,4200,10000,17064,39727,0,8980,10000,10000,5020,10000,0,30373436,11627892,0,0,100.0,0.0,%!f(int=14711062),%!f(int=7831187),%!f(int=8177751),3046,0,0,0.4387,0.005952,0.4881,0.0954,0.0105,0.00,3046,0,0,0.0036,-0.4821,0.0000,0.4986,0.0060,-0.0480,0.0000
1,4300,10000,16950,39888,0,9254,10000,10000,4929,10000,0,30394415,11729658,0,0,100.0,0.0,%!f(int=14711223),%!f(int=7841596),%!f(int=8167181),3046,0,0,0.4379,0.006089,0.4878,0.0954,0.0099,0.00,3046,0,0,0.0036,-0.4821,0.0000,0.4990,0.0061,-0.0375,0.0000
1,4400,10000,16781,38693,0,8259,10000,10000,4984,10000,0,30402361,11829921,0,0,100.0,0.0,%!f(int=14704279),%!f(int=7849041),%!f(int=8166680),3046,0,0,0.4372,0.006230,0.4875,0.0954,0.0098,0.00,3046,0,0,0.0036,-0.4821,0.0000,0.4991,0.0062,-0.0316,0.0000
1,4500,10000,17015,39554,0,8890,10000,10000,5003,10000,0,30399991,11922479,0,0,100.0,0.0,%!f(int=14700297),%!f(int=7849847),%!f(int=8169856),3046,0,0,0.4369,0.006298,0.4874,0.0954,0.0098,0.00,3046,0,0,0.0036,-0.4821,0.0000,0.4991,0.0063,-0.0303,0.0000
1,4600,10000,16895,39104,0,8778,10000,10000,4877,10000,0,30399008,12013921,0,0,100.0,0.0,%!f(int=14691158),%!f(int=7853925),%!f(int=8174917),3046,0,0,0.4361,0.006473,0.4871,0.0954,0.0097,0.00,3046,0,0,0.0036,-0.4821,0.0000,0.4990,0.0065,-0.0360,0.0000
1,4700,10000,16896,39299,0,8482,10000,10000,4972,10000,0,30410381,12093198,0,0,100.0,0.0,%!f(int=14711625),%!f(int=7849378),%!f(int=8158997),3046,0,0,0.4349,0.006703,0.4866,0.0954,0.0074,0.00,3046,0,0,0.0036,-0.4821,0.0000,0.4994,0.0067,-0.0408,0.0000
1,4800,10000,16809,38861,0,8184,10000,10000,5027,10000,0,30415154,12180599,0,0,100.0,0.0,%!f(int=14717568),%!f(int=7848793),%!f(int=8153639),3046,0,0,0.4343,0.006803,0.4864,0.0954,0.0066,0.00,3046,0,0,0.0036,-0.4821,0.0000,0.4993,0.0068,-0.0475,0.0000
1,4900,10000,16871,39651,0,8763,10000,10000,4903,10000,0,30406886,12256470,0,0,100.0,0.0,%!f(int=14707680),%!f(int=7849603),%!f(int=8162717),3046,0,0,0.4342,0.006814,0.4864,0.0954,0.0072,0.00,3046,0,0,0.0036,-0.4821,0.0000,0.4992,0.0068,-0.0571,0.0000
1,5000,10000,17137,39358,0,9077,10000,10000,4945,10000,0,30405720,12337104,0,0,100.0,0.0,%!f(int=14704622),%!f(int=7850549),%!f(int=8164829),3046,0,0,0.4339,0.006851,0.4863,0.0954,0.0073,0.00,3046,0,0,0.0036,-0.4821,0.0000,0.4992,0.0069,-0.0537,0.0000
1,5100,10000,17012,39876,0,9096,10000,10000,4989,10000,0,30402765,12419578,0,0,100.0,0.0,%!f(int=14708275),%!f(int=7847245),%!f(int=8164480),3046,0,0,0.4328,0.007070,0.4859,0.0954,0.0061,0.00,3046,0,0,0.0036,-0.4821,0.0000,0.4991,0.0071,-0.0432,0.0000
1,5200,10000,17085,40102,0,9303,10000,10000,4989,10000,0,30380578,12492367,0,0,100.0,0.0,%!f(int=14726694),%!f(int=7826942),%!f(int=8166364),3046,0,0,0.4313,0.007386,0.4852,0.0954,0.0036,0.00,3046,0,0,0.0036,-0.4821,0.0000,0.4988,0.0074,-0.0404,0.0000
1,5300,10000,17124,40123,0,9595,10000,10000,4944,10000,0,30389647,12566960,0,0,100.0,0.0,%!f(int=14725649),%!f(int=7831999),%!f(int=8162352),3046,0,0,0.4307,0.007528,0.4849,0.0954,0.0031,0.00,3046,0,0,0.0036,-0.4821,0.0000,0.4989,0.0075,-0.0327,0.0000
1,5400,10000,17091,39789,0,9142,10000,10000,5009,10000,0,30402350,12637572,0,0,100.0,0.0,%!f(int=14727766),%!f(int=7837292),%!f(int=8154942),3046,0,0,0.4297,0.007743,0.4845,0.0954,0.0021,0.00,3046,0,0,0.0036,-0.4821,0.0000,0.4992,0.0077,-0.0251,0.0000
1,5500,10000,16914,39966,0,9134,10000,10000,4964,10000,0,30396354,12700024,0,0,100.0,0.0,%!f(int=14726830),%!f(int=7834762),%!f(int=8158408),3046,0,0,0.4294,0.007791,0.4844,0.0954,0.0019,0.00,3046,0,0,0.0036,-0.4821,0.0000,0.4990,0.0078,-0.0215,0.0000
1,5600,10000,17117,39581,0,8811,10000,10000,5001,10000,0,30390122,12764244,0,0,100.0,0.0,%!f(int=14726944),%!f(int=7831589),%!f(int=8161467),3046,0,0,0.4290,0.007921,0.4842,0.0954,0.0014,0.00,3046,0,0,0.0036,-0.4821,0.0000,0.4989,0.0079,-0.0288,0.0000
1,5700,10000,17102,39750,0,9020,10000,10000,4956,10000,0,30394526,12831372,0,0,100.0,0.0,%!f(int=14725722),%!f(int=7834402),%!f(int=8159876),3046,0,0,0.4286,0.007996,0.4840,0.0954,0.0012,0.00,3046,0,0,0.0036,-0.4821,0.0000,0.4989,0.0080,-0.0177,0.0000
1,5800,10000,16707,38937,0,8345,10000,10000,4997,10000,0,30383273,12887634,0,0,100.0,0.0,%!f(int=14724119),%!f(int=7829577),%!f(int=8166304),3046,0,0,0.4283,0.008063,0.4839,0.0954,0.0010,0.00,3046,0,0,0.0036,-0.4821,0.0000,0.4987,0.0081,-0.0253,0.0000
1,5900,10000,17177,39922,0,9050,10000,10000,4977,10000,0,30373289,12947020,0,0,100.0,0.0,%!f(int=14719139),%!f(int=7827075),%!f(int=8173786),3046,0,0,0.4282,0.008081,0.4838,0.0954,0.0013,0.00,3046,0,0,0.0036,-0.4821,0.0000,0.4985,0.0081,-0.0122,0.0000
1,6000,10000,16883,39622,0,8890,10000,10000,5042,10000,0,30373015,12998264,0,0,100.0,0.0,%!f(int=14715379),%!f(int=7828818),%!f(int=8175803),3046,0,0,0.4280,0.008087,0.4838,0.0954,0.0015,0.00,3046,0,0,0.0036,-0.4821,0.0000,0.4986,0.0081,-0.0209,0.0000
1,6100,10000,17120,39947,0,9168,10000,10000,5025,10000,0,30380786,13054600,0,0,100.0,0.0,%!f(int=14707298),%!f(int=7836744),%!f(int=8175958),3046,0,0,0.4278,0.008161,0.4837,0.0954,0.0017,0.00,3046,0,0,0.0036,-0.4821,0.0000,0.4987,0.0082,-0.0225,0.0000
1,6200,10000,17246,39925,0,9282,10000,10000,5071,10000,0,30366674,13112709,0,0,100.0,0.0,%!f(int=14713260),%!f(int=7826707),%!f(int=8180033),3046,0,0,0.4275,0.008216,0.4836,0.0954,0.0011,0.00,3046,0,0,0.0036,-0.4821,0.0000,0.4985,0.0082,-0.0252,0.0000
1,6300,10000,17026,39862,0,9174,10000,10000,5151,10000,0,30342351,13169494,0,0,100.0,0.0,%!f(int=14697345),%!f(int=7822503),%!f(int=8200152),3046,0,0,0.4270,0.008351,0.4833,0.0954,0.0016,0.00,3046,0,0,0.0036,-0.4821,0.0000,0.4981,0.0084,-0.0290,0.0000
1,6400,10000,16979,39981,0,9259,10000,10000,4917,10000,0,30335435,13223323,0,0,100.0,0.0,%!f(int=14694493),%!f(int=7820471),%!f(int=8205036),3046,0,0,0.4265,0.008456,0.4831,0.0954,0.0014,0.00,3046,0,0,0.0036,-0.4821,0.0000,0.4980,0.0085,-0.0226,0.0000
1,6500,10000,17150,39695,0,9591,10000,10000,5000,10000,0,30337065,13271864,0,0,100.0,0.0,%!f(int=14690149),%!f(int=7823458),%!f(int=8206393),3046,0,0,0.4263,0.008504,0.4830,0.0954,0.0015,0.00,3046,0,0,0.0036,-0.4821,0.0000,0.4980,0.0085,-0.0304,0.0000
1,6600,10000,17014,40065,0,9379,10000,10000,5048,10000,0,30346756,13314501,0,0,100.0,0.0,%!f(int=14676296),%!f(int=7835230),%!f(int=8208474),3046,0,0,0.4258,0.008588,0.4828,0.0954,0.0021,0.00,3046,0,0,0.0036,-0.4821,0.0000,0.4982,0.0086,-0.0256,0.0000
1,6700,10000,17154,40249,0,9432,10000,10000,5006,10000,0,30360852,13363933,0,0,100.0,0.0,%!f(int=14677642),%!f(int=7841605),%!f(int=8200753),3046,0,0,0.4255,0.008645,0.4827,0.0954,0.0017,0.00,3046,0,0,0.0036,-0.4821,0.0000,0.4984,0.0086,-0.0197,0.0000
1,6800,10000,17154,40023,0,9145,10000,10000,5032,10000,0,30358137,13401444,0,0,100.0,0.0,%!f(int=14674073),%!f(int=7842032),%!f(int=8203895),3046,0,0,0.4251,0.008731,0.4825,0.0954,0.0016,0.00,3046,0,0,0.0036,-0.4821,0.0000,0.4984,0.0087,-0.0089,0.0000
1,6900,10000,17173,40172,0,9462,10000,10000,5031,10000,0,30345657,13445972,0,0,100.0,0.0,%!f(int=14664929),%!f(int=7840364),%!f(int=8214707),3046,0,0,0.4247,0.008811,0.4824,0.0954,0.0019,0.00,3046,0,0,0.0036,-0.4821,0.0000,0.4981,0.0088,-0.0020,0.0000
1,7000,10000,17002,39933,0,9148,10000,10000,5026,10000,0,30362005,13489070,0,0,100.0,0.0,%!f(int=14657263),%!f(int=7852371),%!f(int=8210366),3046,0,0,0.4242,0.008887,0.4822,0.0954,0.0021,0.00,3046,0,0,0.0036,-0.4821,0.0000,0.4984,0.0089,-0.0021,0.0000
1,7100,10000,16924,39695,0,9074,10000,10000,4971,10000,0,30344097,13531875,0,0,100.0,0.0,%!f(int=14650997),%!f(int=7846550),%!f(int=8222453),3046,0,0,0.4240,0.008953,0.4821,0.0954,0.0023,0.00,3046,0,0,0.0035,-0.4821,0.0000,0.4981,0.0090,-0.0037,0.0000
1,7200,10000,17060,40111,0,9084,10000,10000,5031,10000,0,30336005,13569150,0,0,100.0,0.0,%!f(int=14648201),%!f(int=7843902),%!f(int=8227897),3046,0,0,0.4237,0.009034,0.4819,0.0954,0.0021,0.00,3046,0,0,0.0035,-0.4821,0.0000,0.4980,0.0090,0.0048,0.0000
1,7300,10000,16901,39818,0,9127,10000,10000,4970,10000,0,30325513,13605857,0,0,100.0,0.0,%!f(int=14644747),%!f(int=7840383),%!f(int=8234870),3046,0,0,0.4234,0.009119,0.4818,0.0954,0.0020,0.00,3046,0,0,0.0035,-0.4821,0.0000,0.4979,0.0091,0.0041,0.0000
1,7400,10000,17002,39772,0,8949,10000,10000,4897,10000,0,30323005,13647287,0,0,100.0,0.0,%!f(int=14638115),%!f(int=7842445),%!f(int=8239440),3046,0,0,0.4230,0.009218,0.4816,0.0954,0.0020,0.00,3046,0,0,0.0035,-0.4821,0.0000,0.4979,0.0092,0.0053,0.0000
1,7500,10000,17106,40106,0,9311,10000,10000,5063,10000,0,30323705,13687951,0,0,100.0,0.0,%!f(int=14634747),%!f(int=7844479),%!f(int=8240774),3046,0,0,0.4228,0.009268,0.4815,0.0954,0.0021,0.00,3046,0,0,0.0035,-0.4821,0.0000,0.4978,0.0093,0.0089,0.0000
1,7600,10000,16991,39710,0,9247,10000,10000,4957,10000,0,30325152,13722667,0,0,100.0,0.0,%!f(int=14634836),%!f(int=7845158),%!f(int=8240006),3046,0,0,0.4226,0.009341,0.4813,0.0954,0.0018,0.00,3046,0,0,0.0035,-0.4821,0.0000,0.4978,0.0093,0.0182,0.0000
1,7700,10000,17077,39739,0,8982,10000,10000,4993,10000,0,30308465,13753816,0,0,100.0,0.0,%!f(int=14619335),%!f(int=7844565),%!f(int=8256100),3046,0,0,0.4220,0.009461,0.4811,0.0954,0.0023,0.00,3046,0,0,0.0035,-0.4821,0.0000,0.4976,0.0095,0.0132,0.0000
1,7800,10000,17116,40027,0,9250,10000,10000,4949,10000,0,30305557,13788448,0,0,100.0,0.0,%!f(int=14622963),%!f(int=7841297),%!f(int=8255740),3046,0,0,0.4219,0.009509,0.4810,0.0954,0.0019,0.00,3046,0,0,0.0035,-0.4821,0.0000,0.4974,0.0095,0.0116,0.0000
1,7900,10000,17125,39701,0,9377,10000,10000,4943,10000,0,30302006,13821596,0,0,100.0,0.0,%!f(int=14612308),%!f(int=7844849),%!f(int=8262843),3046,0,0,0.4216,0.009585,0.4808,0.0954,0.0023,0.00,3046,0,0,0.0035,-0.4821,0.0000,0.4974,0.0096,0.0196,0.0000
1,8000,10000,16937,39750,0,8963,10000,10000,5038,10000,0,30290461,13847622,0,0,100.0,0.0,%!f(int=14615529),%!f(int=7837466),%!f(int=8267005),3046,0,0,0.4211,0.009680,0.4806,0.0954,0.0017,0.00,3046,0,0,0.0035,-0.4821,0.0000,0.4972,0.0097,0.0176,0.0000
1,8100,10000,17200,39724,0,9490,10000,10000,4929,10000,0,30298788,13878865,0,0,100.0,0.0,%!f(int=14616822),%!f(int=7840983),%!f(int=8262195),3046,0,0,0.4208,0.009711,0.4806,0.0954,0.0014,0.00,3046,0,0,0.0035,-0.4821,0.0000,0.4974,0.0097,0.0113,0.0000
1,8200,10000,16908,39427,0,8873,10000,10000,4998,10000,0,30293535,13907556,0,0,100.0,0.0,%!f(int=14618995),%!f(int=7837270),%!f(int=8263735),3046,0,0,0.4207,0.009772,0.4804,0.0954,0.0010,0.00,3046,0,0,0.0035,-0.4821,0.0000,0.4972,0.0098,0.0163,0.0000
1,8300,10000,17097,39920,0,9204,10000,10000,5115,10000,0,30287265,13942488,0,0,100.0,0.0,%!f(int=14598823),%!f(int=7844221),%!f(int=8276956),3046,0,0,0.4203,0.009856,0.4803,0.0954,0.0021,0.00,3046,0,0,0.0035,-0.4821,0.0000,0.4972,0.0099,0.0215,0.0000
1,8400,10000,17043,39637,0,9155,10000,10000,5003,10000,0,30297655,13975249,0,0,100.0,0.0,%!f(int=14608969),%!f(int=7844343),%!f(int=8266688),3046,0,0,0.4202,0.009920,0.4801,0.0954,0.0011,0.00,3046,0,0,0.0035,-0.4821,0.0000,0.4974,0.0099,0.0294,0.0000
1,8500,10000,17199,39868,0,9218,10000,10000,4995,10000,0,30301466,14017483,0,0,100.0,0.0,%!f(int=14603282),%!f(int=7849092),%!f(int=8267626),3046,0,0,0.4200,0.009958,0.4801,0.0954,0.0013,0.00,3046,0,0,0.0035,-0.4821,0.0000,0.4975,0.0100,0.0315,0.0000
1,8600,10000,16941,39868,0,9114,10000,10000,4988,10000,0,30295338,14045452,0,0,100.0,0.0,%!f(int=14597004),%!f(int=7849167),%!f(int=8273829),3046,0,0,0.4197,0.010012,0.4800,0.0954,0.0015,0.00,3046,0,0,0.0035,-0.4821,0.0000,0.4973,0.0100,0.0252,0.0000
1,8700,10000,17135,40054,0,9238,10000,10000,4982,10000,0,30293671,14066020,0,0,100.0,0.0,%!f(int=14589755),%!f(int=7851958),%!f(int=8278287),3046,0,0,0.4193,0.010105,0.4798,0.0954,0.0017,0.00,3046,0,0,0.0035,-0.4821,0.0000,0.4973,0.0101,0.0292,0.0000
1,8800,10000,17192,39807,0,9154,10000,10000,4963,10000,0,30289912,14090310,0,0,100.0,0.0,%!f(int=14591212),%!f(int=7849350),%!f(int=8279438),3046,0,0,0.4191,0.010153,0.4797,0.0954,0.0014,0.00,3046,0,0,0.0035,-0.4821,0.0000,0.4971,0.0102,0.0384,0.0000
1,8900,10000,17040,39769,0,9177,10000,10000,5002,10000,0,30295392,14108280,0,0,100.0,0.0,%!f(int=14585068),%!f(int=7855162),%!f(int=8279770),3046,0,0,0.4188,0.010201,0.4796,0.0954,0.0016,0.00,3046,0,0,0.0035,-0.4821,0.0000,0.4973,0.0102,0.0433,0.0000
1,9000,10000,17165,39994,0,9408,10000,10000,5022,10000,0,30298558,14137306,0,0,100.0,0.0,%!f(int=14576294),%!f(int=7861132),%!f(int=8282574),3046,0,0,0.4185,0.010263,0.4795,0.0954,0.0019,0.00,3046,0,0,0.0035,-0.4821,0.0000,0.4974,0.0103,0.0384,0.0000
1,9100,10000,17153,40232,0,9246,10000,10000,4902,10000,0,30297535,14163779,0,0,100.0,0.0,%!f(int=14575445),%!f(int=7861045),%!f(int=8283510),3046,0,0,0.4183,0.010339,0.4793,0.0954,0.0017,0.00,3046,0,0,0.0035,-0.4821,0.0000,0.4973,0.0104,0.0321,0.0000
1,9200,10000,17170,39850,0,9105,10000,10000,4998,10000,0,30302565,14187611,0,0,100.0,0.0,%!f(int=14576501),%!f(int=7863032),%!f(int=8280467),3046,0,0,0.4180,0.010428,0.4791,0.0954,0.0012,0.00,3046,0,0,0.0035,-0.4821,0.0000,0.4974,0.0104,0.0428,0.0000
1,9300,10000,17009,40106,0,9123,10000,10000,5026,10000,0,30299954,14206191,0,0,100.0,0.0,%!f(int=14569184),%!f(int=7865385),%!f(int=8285431),3046,0,0,0.4179,0.010433,0.4791,0.0954,0.0017,0.00,3046,0,0,0.0035,-0.4821,0.0000,0.4974,0.0104,0.0266,0.0000
1,9400,10000,16990,39831,0,9143,10000,10000,5091,10000,0,30304304,14228743,0,0,100.0,0.0,%!f(int=14567916),%!f(int=7868194),%!f(int=8283890),3046,0,0,0.4178,0.010460,0.4791,0.0954,0.0017,0.00,3046,0,0,0.0035,-0.4821,0.0000,0.4974,0.0105,0.0175,0.0000
1,9500,10000,17013,40049,0,9249,10000,10000,5011,10000,0,30301087,14255427,0,0,100.0,0.0,%!f(int=14567647),%!f(int=7866720),%!f(int=8285633),3046,0,0,0.4176,0.010507,0.4790,0.0954,0.0015,0.00,3046,0,0,0.0035,-0.4821,0.0000,0.4975,0.0105,0.0178,0.0000
1,9600,10000,17151,40081,0,9327,10000,10000,4975,10000,0,30301243,14276958,0,0,100.0,0.0,%!f(int=14557199),%!f(int=7872022),%!f(int=8290779),3046,0,0,0.4176,0.010551,0.4789,0.0954,0.0020,0.00,3046,0,0,0.0035,-0.4821,0.0000,0.4973,0.0106,0.0206,0.0000
1,9700,10000,17123,39826,0,9355,10000,10000,5033,10000,0,30295333,14292709,0,0,100.0,0.0,%!f(int=14558383),%!f(int=7868475),%!f(int=8293142),3046,0,0,0.4171,0.010622,0.4787,0.0954,0.0017,0.00,3046,0,0,0.0035,-0.4821,0.0000,0.4973,0.0106,0.0113,0.0000
1,9800,10000,17000,39944,0,9410,10000,10000,4915,10000,0,30300710,14314063,0,0,100.0,0.0,%!f(int=14552904),%!f(int=7873903),%!f(int=8293193),3046,0,0,0.4169,0.010683,0.4786,0.0954,0.0018,0.00,3046,0,0,0.0035,-0.4821,0.0000,0.4973,0.0107,0.0083,0.0000
1,9900,10000,17095,39714,0,9145,10000,10000,4948,10000,0,30296317,14332369,0,0,100.0,0.0,%!f(int=14544221),%!f(int=7876048),%!f(int=8299731),3046,0,0,0.4166,0.010743,0.4785,0.0954,0.0021,0.00,3046,0,0,0.0035,-0.4821,0.0000,0.4974,0.0108,0.0100,0.0000
1,10000,10000,16912,39328,0,8666,10000,10000,4985,10000,0,30285946,14350513,0,0,100.0,0.0,%!f(int=14537972),%!f(int=7873987),%!f(int=8308041),3046,0,0,0.4161,0.010841,0.4783,0.0954,0.0021,0.00,3046,0,0,0.0035,-0.4821,0.0000,0.4972,0.0108,0.0012,0.0000
