Frequency,Year0,Year100,Year200,Year300,Year400,Year500,Year600,Year700,Year800,Year900,Year1000,Year1100,Year1200,Year1300,Year1400,Year1500,Year1600,Year1700,Year1800,Year1900,Year2000,Year2100,Year2200,Year2300,Year2400,Year2500,Year2600,Year2700,Year2800,Year2900,Year3000,Year3100,Year3200,Year3300,Year3400,Year3500,Year3600,Year3700,Year3800,Year3900,Year4000,Year4100,Year4200,Year4300,Year4400,Year4500,Year4600,Year4700,Year4800,Year4900,Year5000,Year5100,Year5200,Year5300,Year5400,Year5500,Year5600,Year5700,Year5800,Year5900,Year6000,Year6100,Year6200,Year6300,Year6400,Year6500,Year6600,Year6700,Year6800,Year6900,Year7000,Year7100,Year7200,Year7300,Year7400,Year7500,Year7600,Year7700,Year7800,Year7900,Year8000,Year8100,Year8200,Year8300,Year8400,Year8500,Year8600,Year8700,Year8800,Year8900,Year9000,Year9100,Year9200,Year9300,Year9400,Year9500,Year9600,Year9700,Year9800,Year9900,Year10000
0.00,0,0,0,0,0,0,0,0,0,0,0,0,0,0,0,0,0,0,0,0,0,0,0,0,1,1,1,1,1,1,1,1,1,1,1,1,1,1,1,3,4,4,5,5,6,6,7,6,6,8,10,9,10,12,12,12,14,15,16,18,21,20,20,24,25,27,27,28,31,30,33,32,38,40,40,40,43,43,43,43,43,44,46,48,49,51,51,52,56,55,55,57,60,62,67,67,68,72,73,75,75
0.01,0,0,0,0,0,0,0,0,0,0,0,0,0,0,0,0,0,0,0,0,0,0,0,2,2,1,1,0,1,1,0,0,0,0,2,1,2,3,4,2,2,4,5,4,3,4,3,5,4,3,3,4,4,6,6,8,7,5,9,5,4,8,9,9,8,9,9,8,8,13,11,12,7,6,6,5,5,6,9,9,12,10,11,6,3,7,10,13,11,12,16,19,19,18,14,20,18,19,14,15,21
0.02,0,0,0,0,0,0,0,0,0,0,0,0,0,0,0,0,0,0,0,0,0,0,3,1,1,1,0,2,0,1,2,2,2,3,1,4,4,2,2,3,2,1,1,4,5,4,3,1,4,3,1,4,6,3,5,10,7,9,8,10,7,10,7,7,10,9,10,9,9,6,9,8,9,6,6,7,6,9,7,11,10,12,18,22,29,19,23,21,18,22,23,19,19,17,13,11,19,16,19,21,14
0.03,0,0,0,0,0,0,0,0,0,0,0,0,0,0,0,0,0,0,0,0,0,2,0,1,1,1,2,2,4,2,3,3,3,5,4,4,2,4,3,2,3,2,2,4,9,6,8,9,7,5,9,8,5,10,12,8,11,9,10,5,13,6,10,8,9,6,8,12,13,11,9,12,11,11,15,14,16,13,16,13,11,22,20,22,23,24,14,16,15,20,16,15,14,14,21,17,18,15,25,12,16
0.04,0,0,0,0,0,0,0,0,0,0,0,0,0,0,0,0,0,0,0,1,2,1,2,1,0,2,4,5,3,4,1,4,5,4,3,1,3,4,4,7,10,8,6,5,3,7,6,10,6,12,8,10,12,14,16,11,11,10,9,7,4,11,12,8,7,15,13,11,13,12,12,8,15,19,12,14,18,17,18,17,18,17,16,18,12,18,21,11,23,21,16,17,15,18,16,21,13,13,11,17,11
0.05,0,0,0,0,0,0,0,0,0,0,0,0,0,0,0,0,1,1,1,0,2,4,2,5,5,5,5,3,5,3,8,7,7,2,6,1,2,5,9,12,3,9,7,6,5,6,8,6,11,6,10,12,16,12,11,5,7,13,7,13,12,9,6,11,9,13,11,14,19,20,12,17,10,14,17,21,19,22,23,20,23,14,17,17,22,23,19,22,15,16,16,13,12,15,17,12,15,23,17,15,18
0.06,0,0,0,0,0,0,0,0,0,0,0,0,0,0,4,5,1,1,2,2,0,0,5,6,7,5,2,6,4,10,6,5,2,4,5,8,11,6,9,5,11,8,9,10,4,6,9,5,8,14,14,16,10,13,9,18,17,10,12,20,18,20,14,17,20,10,16,19,12,15,20,14,13,10,18,21,22,20,18,25,16,23,21,20,15,19,15,25,23,18,26,20,20,19,20,20,15,14,14,24,27
0.07,0,0,0,0,0,0,0,0,1,0,0,0,1,2,2,2,6,4,2,6,4,9,4,3,1,4,5,6,7,4,8,7,6,8,5,9,11,7,1,4,4,6,11,5,7,12,9,15,10,12,12,11,17,13,7,6,11,15,17,14,23,22,21,14,12,19,18,16,11,13,21,23,19,30,25,22,17,21,12,17,26,14,23,22,23,19,25,20,17,16,16,23,25,26,15,17,17,17,23,20,28
0.08,0,0,0,0,0,0,0,0,0,2,0,1,2,3,2,3,3,3,5,2,7,4,5,3,5,5,8,6,3,10,5,4,6,12,11,10,8,8,8,9,8,11,9,15,13,15,15,18,18,15,14,13,12,7,8,12,16,16,14,12,12,13,25,23,18,17,17,16,24,20,13,20,28,23,20,20,18,14,24,20,23,28,18,18,22,17,16,18,21,18,19,19,20,18,17,17,22,18,22,25,19
0.09,0,0,0,0,0,0,0,0,2,2,3,0,0,1,3,2,2,5,4,3,9,2,5,5,2,7,9,9,10,5,9,11,10,6,10,11,7,10,10,9,15,10,13,14,19,15,14,12,12,11,20,13,12,12,24,15,11,15,16,21,19,20,19,15,21,19,21,18,17,20,21,26,21,20,27,19,22,27,19,15,12,22,19,14,15,17,30,19,29,22,22,25,19,20,22,26,23,19,26,23,22
0.10,0,0,0,0,0,0,0,3,0,1,2,3,3,5,2,1,3,2,4,5,7,5,6,5,10,11,7,7,9,9,7,10,9,11,9,12,9,12,14,12,12,16,17,19,17,15,19,14,20,19,11,12,17,17,17,26,16,21,20,20,17,14,16,21,21,17,16,21,19,24,34,27,25,16,19,21,22,19,26,27,25,19,16,21,19,20,18,26,13,23,22,20,19,19,24,22,29,31,22,31,19
0.11,0,0,0,0,0,0,0,1,2,1,2,3,8,7,2,2,2,6,4,10,4,8,10,7,5,8,9,7,9,9,8,8,11,14,15,13,15,15,14,16,11,20,20,17,15,16,20,21,18,16,25,19,18,20,21,15,20,12,16,22,16,18,19,17,18,24,17,14,25,29,23,15,21,23,17,29,23,14,21,25,20,25,21,19,17,20,18,18,25,27,12,19,21,18,21,24,27,25,20,9,23
0.12,0,0,0,0,0,0,1,0,0,1,2,2,1,0,3,3,7,4,5,3,6,6,7,10,18,12,13,6,6,14,8,14,11,14,12,8,9,11,19,12,17,9,16,19,17,22,14,16,23,24,16,23,17,21,18,26,19,19,29,18,15,17,10,22,26,21,25,29,25,25,20,15,20,22,23,12,29,31,28,18,23,19,27,30,27,18,21,23,25,17,25,18,26,20,26,21,17,20,12,21,18
0.13,0,0,0,0,0,0,1,2,3,3,5,4,4,3,5,5,3,3,5,3,3,7,8,8,9,6,6,10,6,10,18,9,18,22,13,15,15,29,14,17,16,22,16,20,18,20,27,20,14,27,18,19,22,19,25,15,15,20,15,19,20,23,19,19,14,14,17,27,23,18,17,24,21,21,17,22,18,25,24,31,34,30,27,27,21,23,21,23,19,26,20,28,16,27,17,21,23,24,24,24,24
0.14,0,0,0,0,0,1,3,2,2,4,2,3,0,2,4,1,4,5,7,6,11,12,8,12,9,9,11,13,17,13,17,14,22,12,16,18,24,18,19,18,21,17,23,26,39,32,17,25,25,16,20,23,21,24,24,24,28,23,25,20,24,21,32,18,22,23,30,26,18,21,22,29,25,21,26,22,24,25,25,34,27,21,22,24,21,27,33,30,21,25,37,24,31,23,31,29,23,21,28,27,29
0.15,0,0,0,0,0,1,3,1,6,3,0,7,4,3,2,6,6,10,4,9,13,10,7,10,9,12,18,24,15,16,12,13,14,11,11,18,23,16,16,23,19,21,25,15,20,16,24,17,25,18,23,29,33,24,17,16,26,23,27,17,24,26,25,22,24,32,23,22,27,17,21,27,21,35,20,29,27,19,26,19,23,20,22,20,22,28,21,18,31,21,25,22,24,24,20,25,19,21,26,31,23
0.16,0,0,0,0,0,1,2,7,5,3,4,4,5,2,5,9,9,8,10,9,12,13,13,15,17,12,16,15,23,23,20,21,13,18,29,26,19,23,17,17,18,29,22,21,18,23,27,25,18,16,20,22,28,19,26,32,23,37,26,34,26,24,26,35,23,21,19,25,20,19,19,32,33,19,34,25,23,33,30,19,23,28,24,25,27,25,26,26,23,23,22,26,21,25,39,22,29,30,34,21,26
0.17,0,0,0,0,1,6,1,3,1,1,6,2,3,6,2,11,11,8,17,17,13,14,22,12,15,20,15,21,29,19,24,22,18,24,21,22,18,16,30,21,34,34,33,31,26,28,26,27,26,35,24,33,26,43,25,20,34,32,22,30,27,25,23,23,21,32,26,22,20,21,29,25,33,30,31,32,17,23,19,21,28,24,33,25,18,19,24,19,20,27,23,34,24,33,19,25,33,31,25,26,30
0.18,0,0,0,0,2,6,6,8,4,7,6,1,3,5,8,13,17,11,6,19,18,15,22,26,18,15,23,16,15,19,11,15,24,21,27,26,29,24,24,26,25,20,28,27,29,26,27,27,33,28,42,24,31,28,35,36,29,28,25,32,32,29,32,33,27,17,18,17,23,27,23,24,23,26,29,29,42,28,23,30,27,25,27,31,34,23,22,21,27,36,29,30,39,34,27,26,21,22,17,25,27
0.19,0,0,0,0,5,5,8,0,5,8,7,6,4,6,16,15,12,19,19,11,24,24,24,30,32,28,17,21,23,24,25,22,28,29,27,20,24,30,24,28,32,24,21,25,27,28,23,38,26,31,33,28,27,38,29,35,39,27,32,26,26,29,31,22,33,25,29,26,29,35,24,27,21,24,30,23,22,37,34,35,26,25,23,30,24,35,20,25,23,23,31,25,15,18,21,27,19,23,33,19,29
0.20,0,0,0,1,8,8,5,8,3,5,4,5,10,12,13,10,13,12,18,20,21,24,18,27,25,33,29,32,22,20,21,34,27,23,26,25,35,32,38,34,30,33,27,29,23,27,32,22,34,26,21,32,25,20,32,37,32,24,30,30,30,28,33,29,23,23,28,24,32,26,22,20,21,20,21,30,27,25,26,19,16,28,25,23,34,22,27,30,21,14,23,20,32,32,25,27,27,31,31,33,16
0.21,0,0,0,0,3,5,7,4,9,10,5,9,9,15,17,20,17,21,24,20,15,21,24,24,30,26,39,21,22,17,32,27,24,28,24,31,31,27,28,38,30,36,23,27,27,23,34,30,23,40,31,36,29,26,29,27,23,35,27,23,40,29,24,22,33,26,35,27,31,32,30,23,22,30,36,29,22,21,26,23,31,30,24,29,34,33,25,24,24,26,24,21,29,23,29,35,33,30,26,33,21
0.22,0,0,0,0,8,8,5,7,12,6,6,11,10,16,19,14,23,23,23,24,32,27,29,25,25,31,25,34,37,35,25,30,30,26,32,27,32,38,32,33,39,34,29,26,29,25,17,26,35,36,29,20,34,31,27,28,26,28,41,33,24,38,20,34,26,37,25,41,27,34,42,26,34,28,30,29,24,22,24,25,28,24,30,24,28,29,21,26,28,27,22,30,24,32,33,24,30,33,25,36,32
0.23,0,0,0,0,7,4,9,7,12,10,9,9,12,17,10,16,18,23,23,33,30,43,30,26,28,36,26,36,37,28,42,45,31,26,37,36,27,33,39,35,33,34,35,34,28,26,23,32,36,29,30,26,26,30,28,22,29,27,31,29,34,32,34,38,39,28,45,24,27,32,29,33,32,39,24,32,26,26,34,33,29,25,20,21,21,25,27,20,24,22,26,30,29,31,28,26,29,28,28,18,30
0.24,0,0,0,0,8,12,18,18,3,16,18,13,11,21,13,22,28,28,24,26,26,25,31,33,31,27,34,33,30,51,36,32,32,38,32,37,32,29,31,44,35,31,35,33,28,37,41,22,26,32,27,28,26,26,24,32,26,27,26,39,33,28,40,26,37,35,29,36,24,28,32,32,39,30,30,29,39,34,27,29,31,24,19,25,24,27,29,35,29,25,33,21,27,15,25,22,28,21,29,23,25
0.25,0,0,0,1,12,14,14,18,14,13,18,14,23,19,33,23,24,27,31,27,37,32,29,42,26,26,29,18,32,35,29,33,33,36,36,45,32,31,40,27,35,47,34,41,37,32,30,31,40,27,33,29,34,23,36,23,25,28,34,31,28,42,22,34,21,39,29,31,42,30,36,29,32,35,32,27,30,31,25,35,28,25,38,19,23,18,41,29,37,35,29,34,35,19,34,30,27,21,23,26,25
0.26,0,0,0,5,10,11,9,25,22,21,21,21,17,18,22,25,28,27,38,34,34,36,52,35,30,40,37,37,42,36,33,25,34,45,28,32,42,33,37,30,41,29,40,32,31,39,43,41,24,23,38,38,23,32,28,29,36,27,29,29,35,27,34,40,37,42,33,30,25,23,27,32,42,32,30,39,31,30,29,29,28,38,32,27,22,38,38,42,33,34,25,37,23,32,22,33,26,29,30,29,31
0.27,0,0,0,7,16,20,12,25,30,26,26,32,32,32,30,44,35,34,37,37,28,31,29,39,42,37,42,46,38,38,45,37,38,35,41,43,35,39,28,40,29,31,38,35,38,43,29,38,32,35,29,34,43,36,30,35,32,36,23,33,23,25,36,30,38,33,27,24,32,37,36,42,25,33,26,24,32,30,27,24,34,30,32,35,39,30,27,32,40,25,38,23,23,27,26,30,30,33,30,26,28
0.28,0,0,2,4,20,19,28,25,20,29,32,28,28,35,36,37,43,50,47,43,39,41,34,39,49,40,40,47,42,36,46,43,49,40,41,34,36,43,33,38,40,33,38,32,35,43,43,49,35,38,41,40,35,38,37,45,44,44,40,31,28,29,39,40,38,36,31,36,31,42,34,36,33,31,40,37,37,39,36,29,25,41,33,44,33,33,36,30,27,40,29,35,32,32,28,28,33,42,27,35,40
0.29,0,0,1,6,18,19,33,29,37,24,38,21,29,36,39,27,36,37,36,41,44,37,52,38,44,44,39,35,33,40,40,36,43,34,37,30,49,40,38,41,35,42,32,39,41,27,33,32,38,36,32,32,39,41,45,44,38,30,27,31,31,40,31,32,37,20,47,47,34,31,36,28,32,31,30,28,28,21,28,32,30,29,27,18,32,42,37,31,38,32,35,30,30,28,33,29,33,23,29,28,32
0.30,0,0,0,13,30,28,35,38,39,25,33,36,30,35,48,55,42,34,41,43,58,46,47,43,47,47,48,43,28,44,46,53,48,46,41,42,33,37,48,42,42,41,40,38,44,36,34,40,40,43,26,32,36,43,42,37,37,39,46,31,29,23,33,31,29,41,33,33,40,36,29,33,28,35,30,30,28,34,30,33,37,31,31,29,28,32,27,42,38,35,28,28,38,33,41,39,38,32,42,33,34
0.31,0,0,3,25,35,44,42,34,33,35,35,43,48,38,39,52,53,52,45,55,43,41,36,41,45,54,40,40,42,47,48,48,40,42,41,58,36,39,35,36,46,40,30,45,54,45,43,31,36,36,36,45,40,45,37,25,41,34,35,42,31,40,44,35,45,38,42,38,37,36,30,27,39,31,33,24,28,33,30,38,28,26,35,38,34,26,32,36,29,43,35,17,31,39,40,41,29,37,34,29,30
0.32,0,0,0,18,45,47,36,40,43,39,33,33,36,33,38,49,52,44,44,48,39,48,49,46,49,42,47,47,43,45,43,38,35,40,38,44,39,42,39,35,35,32,51,38,31,37,43,29,36,37,48,36,33,38,40,41,34,40,39,38,37,37,35,41,38,49,35,48,37,31,33,27,24,35,29,29,37,36,39,34,38,33,34,38,30,29,34,33,26,36,34,45,42,40,34,35,31,28,37,41,25
0.33,0,0,12,27,57,43,55,37,43,37,35,40,38,56,48,54,48,59,58,42,48,45,53,51,49,56,43,44,42,40,34,52,43,34,47,43,51,50,41,40,24,33,36,42,40,36,43,44,41,41,44,38,47,34,30,37,32,35,41,35,39,26,39,27,36,24,41,43,45,33,37,32,36,32,32,35,32,31,35,38,34,31,38,37,34,43,39,26,36,30,41,36,33,45,23,33,31,42,35,33,30
0.34,0,1,18,28,52,42,53,48,43,53,43,48,49,49,53,55,53,47,49,48,52,50,43,49,51,46,42,41,49,41,46,45,49,55,52,44,58,41,47,45,40,42,38,46,52,45,38,45,36,32,44,36,34,40,39,45,39,35,36,38,50,45,30,36,26,39,43,34,36,37,46,45,36,42,38,40,38,45,48,45,30,32,32,26,37,31,37,38,36,27,33,39,30,34,43,33,39,38,28,25,37
0.35,0,0,18,48,41,56,60,45,48,40,62,54,68,50,58,43,45,58,54,46,40,52,58,44,43,40,54,47,66,51,50,54,46,48,57,41,44,53,52,37,44,46,47,38,33,34,40,42,36,43,37,37,38,40,32,31,30,45,32,35,50,45,43,39,40,32,36,32,42,37,32,40,38,29,36,41,34,33,42,42,43,38,40,42,44,30,35,37,37,44,32,33,30,33,44,34,46,46,35,33,35
0.36,0,5,30,65,70,57,46,77,64,56,47,56,72,63,77,63,52,61,52,57,55,48,47,48,46,40,40,53,57,48,47,34,44,52,57,50,52,48,54,41,49,37,39,33,33,42,38,42,38,46,44,37,40,29,32,39,43,42,37,46,34,49,39,39,33,42,29,37,37,34,34,41,38,33,34,43,42,49,30,31,48,41,38,36,34,33,31,27,34,31,48,41,45,34,37,39,32,34,43,41,40
0.37,0,5,24,63,73,81,61,68,61,69,64,44,51,60,64,55,63,56,54,47,62,62,45,64,48,63,52,53,49,49,48,47,55,48,43,39,53,51,44,42,41,50,42,45,30,48,40,32,48,43,38,34,32,25,32,35,46,31,36,31,43,35,39,39,39,38,40,31,37,38,43,31,33,44,46,36,35,37,57,39,40,45,47,46,44,41,34,39,35,44,37,47,34,37,31,31,32,29,33,40,31
0.38,0,11,52,66,65,69,87,59,59,59,74,79,76,76,48,65,76,52,63,69,56,63,61,39,40,48,52,60,49,54,44,53,52,54,39,61,37,43,45,59,52,42,47,40,41,46,44,53,43,42,41,41,35,44,36,35,30,40,43,33,36,36,42,43,38,47,32,37,45,47,35,45,42,35,42,38,50,39,40,34,36,51,36,37,33,36,37,42,45,43,36,38,43,34,33,33,33,32,39,33,48
0.39,0,27,51,81,79,82,69,74,102,79,56,73,72,65,59,61,65,57,52,50,44,53,59,56,53,53,61,58,57,43,52,45,47,47,53,44,43,49,44,53,39,50,38,42,53,41,46,47,32,39,40,46,26,39,38,26,35,41,48,50,45,49,37,47,45,32,37,50,36,38,39,42,50,49,49,51,43,35,39,47,34,44,47,48,49,53,29,34,42,41,38,40,40,39,31,37,39,46,44,52,37
0.40,0,23,68,80,94,77,82,89,72,72,76,82,60,60,55,56,57,67,51,61,64,61,55,66,57,53,54,57,50,54,52,64,57,60,37,38,44,46,51,48,39,55,52,47,50,35,46,45,57,39,42,57,61,51,40,48,50,55,38,58,41,40,42,40,34,34,50,36,39,48,48,47,36,43,34,47,35,39,36,36,34,39,44,43,37,45,35,49,31,35,47,34,47,43,41,53,40,37,40,35,43
0.41,0,51,92,93,68,98,75,96,85,75,86,73,66,67,62,56,49,57,64,70,57,60,55,58,59,59,62,54,63,52,59,53,52,47,50,45,55,39,44,39,50,49,56,41,38,41,37,47,46,46,56,54,54,41,53,50,52,46,53,43,52,34,43,38,40,35,41,37,43,39,56,39,41,37,36,40,61,44,34,41,40,39,33,44,51,35,47,43,47,37,39,36,32,45,41,34,52,43,34,43,40
0.42,0,50,82,126,92,87,87,84,78,96,70,75,84,66,74,67,60,54,70,55,52,53,54,72,72,65,62,62,57,51,59,43,64,53,49,53,34,53,44,53,58,47,51,46,51,50,47,39,40,39,34,41,43,42,43,46,51,41,42,37,57,50,50,43,49,39,37,47,32,55,35,45,43,35,51,39,39,55,35,38,36,29,36,39,47,38,39,41,45,41,34,42,50,36,33,41,45,46,38,37,28
0.43,0,71,113,94,79,88,94,77,81,91,82,92,87,83,89,78,63,60,53,58,61,53,64,51,62,47,50,52,51,51,55,66,55,39,52,40,52,40,46,58,53,34,38,58,51,40,52,32,44,53,49,43,40,47,51,56,46,47,50,49,40,43,48,50,54,46,45,34,51,41,48,51,37,52,50,39,40,44,45,56,55,54,45,46,36,33,39,33,38,29,34,40,36,51,47,37,35,39,41,46,46
0.44,0,97,117,79,80,80,84,87,81,106,99,85,84,78,72,59,63,68,60,55,51,52,59,55,45,53,57,47,35,64,53,45,45,50,56,57,45,47,42,46,45,57,35,55,36,45,46,48,39,43,43,28,55,39,53,54,48,43,51,41,40,41,42,50,46,45,32,51,34,39,33,30,45,37,38,43,29,30,42,37,44,42,52,43,29,46,40,34,36,45,46,46,42,35,40,39,40,41,39,37,41
0.45,0,152,116,116,86,97,79,84,97,70,87,81,100,87,78,68,67,73,61,67,57,66,31,42,50,54,53,41,52,58,40,53,35,58,39,38,44,46,54,50,44,34,62,42,59,61,45,41,57,50,46,53,48,47,51,46,46,51,47,46,52,48,45,42,41,53,52,41,57,44,45,40,35,35,39,45,43,46,33,36,40,40,39,34,36,51,32,50,31,40,33,38,40,39,46,39,39,27,43,35,38
0.46,0,212,148,108,106,98,80,83,88,96,90,88,81,79,60,86,62,67,54,39,57,60,46,39,54,46,50,44,64,44,56,39,47,43,49,60,44,50,46,42,47,55,53,52,48,38,35,62,51,43,43,42,39,54,51,44,50,54,51,56,39,55,40,43,45,54,43,45,40,35,44,39,36,44,36,33,46,40,53,39,38,32,38,28,34,32,48,42,46,37,34,42,30,32,42,41,42,34,33,37,41
0.47,0,210,143,129,91,79,84,79,103,100,89,92,84,65,86,61,79,68,63,66,70,48,51,47,40,45,36,49,52,55,37,47,52,42,55,47,55,49,52,50,61,51,49,51,55,52,63,48,44,31,48,51,44,52,42,47,39,42,48,49,50,43,44,46,34,39,41,42,49,46,36,46,46,45,38,26,38,37,39,44,48,37,35,49,49,41,54,33,34,34,44,35,37,36,35,28,38,46,39,30,30
0.48,0,251,134,104,104,86,90,80,81,89,92,83,74,61,66,68,65,57,64,70,53,43,52,45,47,55,52,55,54,60,45,53,39,44,44,52,51,38,52,39,55,39,39,46,56,48,52,43,40,46,47,53,46,49,57,50,46,48,48,50,40,50,42,60,57,52,57,40,42,45,45,43,37,38,53,49,38,39,41,33,54,37,38,29,42,33,46,31,39,35,33,30,38,50,28,35,28,28,34,38,32
0.49,0,238,142,113,84,82,83,83,76,102,73,80,77,99,60,70,69,69,65,64,56,50,44,51,51,51,55,59,54,56,54,45,41,60,43,42,54,58,58,57,37,51,51,41,49,48,44,43,32,47,53,43,53,55,56,52,53,41,39,43,44,48,44,31,38,49,49,51,36,36,26,44,43,40,27,41,42,37,34,40,30,44,37,43,46,48,36,40,35,44,42,38,39,28,38,38,28,29,40,30,32
0.50,3046,259,152,106,74,74,74,99,75,70,81,78,74,79,59,51,50,59,69,56,56,41,56,47,50,46,44,52,48,36,49,45,56,54,54,43,49,58,42,46,45,54,40,45,39,54,40,34,56,46,40,41,62,54,38,50,53,41,32,37,51,45,43,49,52,45,38,44,50,41,41,34,40,42,43,39,35,36,39,42,33,41,44,46,42,33,34,36,41,41,34,36,42,35,31,28,28,25,27,29,22
0.51,0,269,161,114,95,90,95,80,74,88,89,74,84,87,68,61,64,50,65,64,48,62,48,55,51,47,40,50,42,45,60,45,44,47,44,54,38,48,52,50,42,51,43,47,40,38,49,45,46,51,50,50,39,41,48,37,43,50,50,40,49,37,48,34,42,42,42,37,31,40,49,39,38,44,33,34,44,53,41,36,30,47,37,41,31,30,30,34,36,34,34,22,29,35,38,38,28,40,28,30,35
0.52,0,280,126,120,87,73,100,85,76,59,79,94,77,62,80,77,57,64,57,52,60,54,62,51,49,41,67,45,49,52,45,48,53,44,50,41,55,40,42,49,54,41,39,41,35,53,34,45,46,51,36,62,45,40,31,47,37,44,50,53,42,39,39,46,45,35,41,49,38,46,45,38,45,43,32,45,41,31,47,28,47,40,35,41,33,48,38,38,33,25,40,36,46,32,28,32,28,33,30,28,35
0.53,0,194,152,110,105,109,84,83,79,84,64,74,68,53,67,56,61,64,58,50,51,66,43,55,49,45,44,39,48,44,56,52,53,42,47,52,49,46,44,43,43,40,42,42,44,45,56,50,45,45,36,28,47,48,51,33,37,34,39,39,35,39,43,47,36,36,45,39,37,40,38,35,46,37,42,43,37,30,29,42,42,30,42,35,40,33,37,42,44,36,36,47,30,27,35,43,43,28,32,39,39
0.54,0,166,164,110,96,95,103,84,89,76,69,87,83,67,72,67,55,59,54,55,60,46,57,51,48,49,51,64,42,51,43,44,41,48,40,53,61,44,51,52,52,41,46,45,43,30,41,48,48,48,46,40,38,36,36,37,37,42,42,37,31,41,34,43,45,41,48,28,46,31,49,39,37,30,40,43,26,37,31,39,36,35,31,42,41,28,39,34,36,34,36,48,30,43,35,30,33,37,30,25,43
0.55,0,134,136,112,82,91,78,69,79,80,81,80,78,68,81,59,68,61,60,54,59,49,62,69,65,60,49,37,44,46,42,56,38,38,49,40,44,48,43,46,39,37,50,40,46,43,47,51,57,40,43,39,34,42,40,41,48,42,48,36,36,45,39,48,36,51,28,46,44,38,41,44,38,43,41,34,35,35,36,33,29,44,39,35,30,46,45,50,37,45,41,24,35,38,36,35,37,29,32,36,25
0.56,0,92,125,84,91,76,83,78,75,75,70,57,71,72,65,76,66,70,66,56,55,59,65,65,52,55,50,58,49,54,58,55,52,49,58,60,41,57,48,48,45,40,48,46,48,59,45,49,49,52,53,51,46,42,44,47,35,43,46,48,48,45,46,46,47,37,37,50,41,49,28,52,37,33,41,39,40,31,51,34,39,35,39,34,31,41,41,35,31,42,33,41,34,31,37,36,53,35,29,40,42
0.57,0,89,122,90,95,70,53,67,71,63,74,74,53,65,70,67,62,46,50,63,49,48,50,40,51,45,47,48,40,55,43,51,59,49,41,42,50,43,40,45,49,46,38,46,48,47,41,52,46,43,52,50,46,31,49,32,32,40,30,40,40,33,49,41,45,39,47,30,39,32,35,38,54,51,41,39,39,40,29,38,36,29,42,29,48,33,36,39,39,32,40,48,47,45,38,39,25,43,42,37,35
0.58,0,63,91,77,70,60,53,57,63,68,73,57,55,80,53,58,60,53,46,44,55,73,54,54,51,48,40,36,40,46,49,46,49,52,49,52,52,52,46,47,45,57,54,46,36,34,44,44,30,41,42,37,46,53,34,37,37,38,36,37,38,42,34,33,44,36,50,53,31,35,45,37,42,32,40,34,34,42,32,52,30,27,31,32,41,35,29,33,32,39,36,31,41,21,36,38,37,42,52,37,26
0.59,0,44,75,88,66,69,59,61,56,64,56,58,66,63,64,69,52,59,63,50,43,58,62,66,58,57,46,46,55,44,52,52,47,49,42,41,52,55,47,45,59,53,45,50,45,43,43,37,46,51,43,41,38,47,37,44,39,45,41,24,42,37,36,39,29,54,40,33,46,39,25,46,41,37,26,29,30,43,45,39,40,38,34,47,32,41,45,29,35,33,35,28,36,39,39,48,43,40,32,40,40
0.60,0,27,79,90,49,58,44,44,56,49,62,60,63,60,67,61,67,64,59,63,65,52,53,42,47,64,57,42,56,49,55,56,53,43,59,55,39,40,58,43,42,44,51,47,58,60,50,35,42,32,43,44,41,37,33,41,43,47,38,43,40,40,41,31,37,29,33,31,35,44,36,37,31,35,41,43,41,42,32,31,33,44,39,41,31,37,32,34,38,28,29,37,34,37,28,28,24,39,40,47,34
0.61,0,17,51,76,63,51,49,59,54,56,58,62,67,59,58,67,63,62,52,81,63,60,51,40,54,47,43,46,48,44,40,46,52,50,54,49,56,48,52,52,46,48,39,53,51,49,47,57,45,38,46,45,46,40,40,33,45,30,42,47,40,45,38,39,31,46,32,36,38,44,52,38,39,46,44,49,55,24,41,28,39,47,28,33,42,43,29,38,34,31,28,35,25,35,30,33,44,29,36,24,44
0.62,0,6,52,59,39,42,63,64,56,55,67,54,60,68,65,54,67,67,61,53,54,46,52,56,40,39,49,56,51,57,47,43,36,47,40,50,48,35,51,48,41,59,47,44,46,35,44,37,45,56,37,39,39,39,42,48,42,40,43,41,41,34,40,36,47,41,38,44,46,42,40,38,38,41,42,28,46,47,44,40,52,35,33,35,30,35,35,31,29,43,33,39,31,39,39,43,31,35,27,38,34
0.63,0,2,34,34,59,47,49,56,55,50,48,46,52,47,53,50,56,64,60,63,50,56,55,43,47,47,44,51,45,43,49,44,49,55,38,39,32,49,29,40,44,48,48,46,41,41,37,43,43,36,40,43,34,42,46,44,42,44,34,45,50,35,33,35,43,33,23,37,40,42,40,39,36,39,31,38,36,40,33,42,34,45,37,28,45,30,32,30,36,28,32,32,40,36,41,31,33,34,27,41,31
0.64,0,0,42,43,53,50,56,51,56,47,46,48,55,45,59,63,56,47,55,58,50,50,54,43,50,43,60,49,45,38,46,37,44,39,48,31,44,51,40,39,44,31,46,45,36,42,55,49,52,54,48,54,46,44,48,32,43,41,45,40,28,36,42,35,40,35,41,36,28,38,42,38,36,45,50,34,31,42,39,37,30,38,44,32,42,29,32,37,33,36,33,25,32,34,33,24,32,44,42,31,27
0.65,0,0,27,40,32,47,43,41,38,46,51,51,42,49,50,54,50,44,60,38,45,50,47,63,44,47,39,47,42,43,37,46,39,44,46,52,34,35,43,40,36,42,48,38,37,51,44,55,42,45,47,36,46,44,41,61,43,40,40,40,39,48,45,34,29,25,48,40,34,31,48,40,40,29,36,42,32,46,34,38,40,35,33,44,29,38,32,35,26,51,38,42,33,38,45,29,42,42,28,27,33
0.66,0,0,19,14,43,49,47,36,37,34,39,47,28,45,46,49,42,41,45,57,50,39,47,48,54,48,46,36,49,37,35,38,47,43,41,39,39,42,45,43,47,35,44,49,50,42,36,42,41,34,47,34,42,37,34,29,42,38,35,42,43,34,39,36,39,39,34,38,44,28,35,31,46,33,23,35,32,23,32,36,37,35,34,33,37,34,35,43,38,29,40,29,43,34,20,38,34,30,34,36,37
0.67,0,0,12,22,42,43,55,43,47,40,43,46,36,41,35,53,54,58,40,39,52,43,42,44,33,47,45,41,38,41,46,34,46,43,40,44,42,40,32,32,47,43,35,44,35,40,44,45,38,40,42,40,38,39,39,39,31,31,34,29,27,31,33,47,36,35,39,36,40,43,26,35,31,34,34,36,37,26,43,30,31,44,51,44,33,34,44,38,41,29,35,32,36,27,32,36,30,32,31,31,41
0.68,0,0,16,31,47,36,36,47,36,37,33,31,49,44,36,32,37,48,42,41,50,45,42,39,45,42,44,48,46,44,37,50,44,46,46,39,45,36,34,42,29,37,36,45,48,30,29,30,47,44,42,44,39,46,50,36,32,39,38,45,34,44,26,34,23,37,39,36,36,35,38,31,33,35,37,35,27,30,34,44,41,33,36,41,40,30,21,32,39,33,30,49,33,32,42,34,39,28,28,24,31
0.69,0,0,17,12,29,29,33,40,33,45,40,39,29,37,23,33,47,37,56,40,45,53,49,44,39,49,45,39,40,46,45,42,40,45,43,35,40,29,37,39,39,32,37,39,42,50,35,29,39,47,26,55,43,31,39,44,53,47,37,31,42,39,36,33,49,39,34,30,20,38,30,31,37,30,39,34,35,33,30,38,38,22,37,32,38,37,42,28,31,30,38,32,36,41,39,31,30,25,44,40,26
0.70,0,0,4,13,25,31,24,31,35,35,33,31,27,34,38,29,33,38,39,41,35,38,37,42,45,47,39,39,45,28,42,41,39,38,36,40,37,47,41,32,32,46,45,42,38,34,46,35,37,35,39,37,40,47,40,45,48,41,42,34,41,39,44,35,41,42,43,37,35,40,40,39,33,32,37,34,38,29,26,26,25,31,32,33,28,38,42,24,29,40,52,39,26,35,34,30,30,28,24,34,32
0.71,0,0,6,15,16,23,26,19,34,25,36,29,38,38,35,25,27,32,34,42,27,39,55,35,35,31,34,42,31,53,38,29,50,38,33,34,36,35,44,47,50,40,39,29,41,37,47,42,34,36,38,30,40,44,44,49,29,30,35,35,38,42,43,40,40,39,38,32,39,36,35,39,31,39,33,35,32,38,37,29,36,42,26,29,26,35,28,36,44,33,27,31,35,34,34,42,31,32,32,24,31
0.72,0,0,5,10,18,22,21,32,26,30,23,25,25,19,28,42,29,28,27,28,41,35,30,42,44,43,44,45,48,40,39,33,24,31,32,36,40,43,40,36,33,38,34,36,28,36,31,39,35,36,38,39,45,32,38,31,34,35,38,36,34,28,37,45,42,40,32,35,30,34,36,27,24,34,30,25,33,30,36,43,33,30,31,28,34,36,37,47,35,35,32,22,37,33,28,28,24,37,36,42,27
0.73,0,0,7,10,14,14,31,23,28,23,21,30,29,33,28,20,25,23,27,40,41,34,30,35,39,48,44,47,38,39,36,35,23,25,30,49,44,28,40,34,31,45,40,35,39,51,35,35,34,30,31,41,29,52,39,44,30,41,32,34,39,36,32,37,29,41,32,41,36,27,31,35,40,28,31,35,37,32,36,23,38,30,30,37,36,38,33,30,29,31,32,34,28,35,35,36,35,31,25,23,32
0.74,0,0,3,9,6,22,15,17,20,23,22,27,22,32,28,22,27,24,23,25,27,35,32,50,43,38,34,37,34,34,43,35,36,44,44,35,29,38,36,48,31,35,33,38,35,28,33,31,34,37,35,39,39,26,33,38,50,36,44,45,27,42,40,29,34,29,30,34,40,21,27,33,35,34,30,36,34,37,25,30,18,33,30,28,31,37,38,34,49,35,35,37,31,33,32,30,38,29,28,29,28
0.75,0,0,0,10,11,14,15,15,20,16,22,13,16,12,31,21,32,29,21,19,31,35,34,34,41,32,37,33,36,40,29,40,33,34,27,34,30,37,32,36,44,27,31,34,33,37,34,39,44,38,40,30,41,18,33,26,34,33,33,40,50,39,38,35,24,23,25,43,33,39,32,34,33,36,32,32,31,41,38,34,32,29,34,29,38,31,28,35,27,42,27,38,37,25,38,47,36,41,52,31,38
0.76,0,0,1,16,11,12,14,13,6,17,13,13,17,24,18,26,18,26,26,24,23,21,31,37,31,26,43,34,31,28,38,42,35,27,51,34,41,38,31,30,34,33,36,26,36,23,35,44,32,39,30,34,27,34,19,36,34,41,40,28,30,32,35,31,34,37,39,33,34,28,37,35,39,43,36,40,25,29,25,32,31,23,30,34,27,27,32,36,23,32,35,30,34,41,31,28,34,27,33,41,32
0.77,0,0,1,7,8,10,11,11,15,12,6,12,13,10,22,18,21,24,24,19,23,32,27,25,37,39,32,38,28,23,31,34,35,29,36,30,31,38,39,37,38,34,23,32,30,40,34,29,31,32,30,29,27,28,25,35,26,33,26,38,41,30,35,40,37,33,34,30,42,29,31,35,31,36,44,27,48,29,30,41,29,29,28,29,25,26,34,28,31,30,32,28,29,30,37,38,27,32,25,39,32
0.78,0,0,0,5,6,6,7,9,10,10,12,14,12,15,15,26,19,15,29,25,26,24,31,23,28,33,27,30,37,34,32,29,37,38,30,42,37,21,34,28,26,30,30,27,30,26,29,30,27,29,35,33,34,35,39,29,36,29,38,36,37,36,29,38,35,31,36,31,37,35,24,28,35,35,29,38,34,28,32,24,44,32,36,26,26,25,27,24,35,21,31,31,28,25,26,26,32,28,27,27,31
0.79,0,0,0,3,9,6,7,7,10,8,9,11,15,12,16,24,29,25,22,39,27,26,30,29,30,16,18,30,28,25,16,29,28,28,29,25,24,33,32,32,35,30,28,28,34,28,26,25,34,27,42,31,25,34,37,27,25,32,32,35,30,38,37,23,40,23,36,40,25,27,37,30,34,30,38,25,24,42,26,35,21,29,25,33,27,26,26,33,27,38,24,31,29,32,23,21,25,33,24,14,26
0.80,0,0,0,7,17,7,6,11,8,14,7,13,9,13,17,17,19,21,15,24,24,23,18,18,25,23,30,13,19,31,25,26,33,33,21,27,31,30,33,35,36,27,36,30,19,28,31,24,27,39,30,24,24,26,32,31,30,23,32,26,25,33,29,28,27,34,33,30,27,46,40,26,21,33,31,34,41,31,36,29,32,36,28,27,29,35,25,20,32,36,28,29,25,26,27,18,24,22,35,35,26
0.81,0,0,0,5,4,4,6,9,12,5,13,9,7,10,11,15,18,21,29,10,27,11,11,22,16,21,29,22,30,21,35,28,31,37,28,27,27,32,19,22,21,25,32,24,32,29,34,33,35,24,22,32,30,21,31,28,32,28,21,20,22,22,22,23,18,33,25,29,30,30,28,33,37,25,32,32,25,33,37,34,33,29,31,30,26,17,30,34,22,20,26,19,29,29,25,21,29,27,31,29,27
0.82,0,0,0,4,10,7,8,4,8,8,11,12,6,11,11,10,14,14,9,15,14,25,16,17,19,32,18,19,18,28,22,22,25,27,33,22,24,24,29,25,19,25,22,29,34,24,23,24,28,25,26,27,31,35,26,25,27,21,16,32,32,23,24,35,36,38,40,31,34,34,35,36,26,27,30,24,28,30,28,24,28,27,28,23,26,29,34,31,31,21,23,28,34,24,20,31,23,17,25,35,28
0.83,0,0,0,0,6,11,8,13,5,10,10,9,8,10,8,11,13,17,16,13,11,11,19,12,15,11,20,20,31,30,21,23,26,23,21,27,27,30,25,18,22,17,22,28,19,40,27,28,23,25,26,19,26,33,33,24,36,34,26,20,26,34,32,29,28,25,31,18,32,36,32,30,36,39,22,31,24,25,32,32,31,32,29,31,33,27,38,28,27,38,28,30,29,26,29,32,24,41,22,20,27
0.84,0,0,0,0,3,4,8,6,8,5,11,7,19,7,4,5,10,10,14,12,11,10,15,9,14,14,17,23,20,16,31,23,21,27,26,21,24,24,20,19,26,20,18,25,24,18,25,28,23,25,19,30,27,25,18,26,19,27,25,20,26,23,25,27,20,22,20,35,29,33,36,38,27,23,30,27,24,38,26,24,26,29,32,30,25,35,21,29,31,25,31,29,17,17,31,19,26,25,33,29,27
0.85,0,0,0,0,7,8,9,7,7,11,7,8,5,8,5,7,3,8,13,18,12,15,7,18,11,13,15,15,10,11,19,25,18,13,16,27,21,17,18,20,21,20,14,15,20,18,19,22,18,24,32,19,20,24,27,26,20,26,36,35,17,17,24,26,29,30,24,24,28,27,22,23,17,27,30,26,33,22,23,31,29,30,30,33,34,30,15,25,31,19,27,24,25,39,21,31,41,30,19,30,34
0.86,0,0,0,0,7,7,9,7,7,4,5,8,8,8,6,5,6,5,9,13,20,14,14,14,13,6,4,13,11,23,12,12,14,14,20,10,17,11,15,14,20,30,25,21,14,18,26,23,29,20,19,37,26,21,15,20,20,25,24,28,19,22,17,17,20,19,18,34,32,12,22,29,23,23,26,29,29,22,33,34,29,25,25,23,28,18,30,29,31,29,24,24,24,24,29,30,26,18,21,22,19
0.87,0,0,0,0,1,5,7,5,4,7,5,8,11,4,7,8,6,9,7,7,7,12,12,10,10,17,12,15,16,10,14,14,12,10,13,17,6,18,17,12,13,18,25,24,31,19,12,18,17,18,18,11,16,15,19,16,23,23,20,21,24,18,21,15,19,26,19,11,15,24,17,16,29,21,25,28,24,24,26,27,24,22,23,32,21,27,26,29,23,26,27,29,26,28,36,24,18,21,30,26,29
0.88,0,0,0,0,1,7,4,2,4,5,6,5,6,5,5,4,8,6,7,8,8,11,12,11,10,6,16,13,15,9,8,8,10,13,6,8,13,10,6,13,12,17,17,13,12,18,16,16,19,21,19,15,13,18,23,19,16,15,16,20,25,25,17,13,17,10,26,17,15,21,23,18,26,24,14,23,21,19,19,16,25,22,25,28,37,35,28,22,14,29,24,28,32,37,28,24,27,32,24,28,27
0.89,0,0,0,0,0,4,1,5,3,2,5,5,2,6,5,2,3,4,5,6,7,9,14,8,9,14,10,15,8,11,7,10,13,8,10,12,14,15,13,17,11,14,14,19,13,18,18,11,4,13,12,15,16,17,14,13,13,16,17,12,19,17,22,29,22,19,18,18,17,14,16,28,13,21,23,26,26,26,25,18,16,28,16,20,25,25,25,19,21,19,20,22,24,24,26,35,31,26,33,34,26
0.90,0,0,0,0,0,1,3,0,1,4,3,2,3,4,3,6,3,3,4,2,6,3,2,8,10,11,10,9,9,10,14,17,9,8,11,12,8,11,12,13,11,8,19,12,12,13,12,18,14,7,14,14,19,13,19,18,18,12,15,15,17,18,21,19,15,19,12,18,12,14,17,13,16,14,18,17,22,22,21,18,22,21,33,23,19,12,19,21,24,16,24,22,24,21,20,16,15,21,24,18,25
0.91,0,0,0,0,0,1,1,1,0,1,1,1,1,3,2,1,4,3,1,2,4,4,4,6,8,7,10,7,9,9,12,7,8,12,7,6,7,8,16,9,16,16,9,6,14,5,13,7,9,11,8,13,11,18,16,16,12,15,17,18,14,11,12,17,20,14,11,16,18,17,15,14,21,14,14,17,23,26,14,19,20,17,21,23,23,24,15,16,23,24,27,21,16,13,12,26,22,27,19,24,25
0.92,0,0,0,0,0,0,0,0,0,0,0,1,1,1,4,2,1,2,3,3,3,3,2,5,6,6,6,6,9,5,5,7,10,9,10,6,10,8,4,8,8,11,10,15,11,11,8,11,11,9,8,10,11,13,11,17,19,12,8,12,12,15,14,11,12,16,26,11,14,18,16,15,16,17,17,18,17,17,19,19,16,22,16,13,14,23,24,21,21,22,18,14,16,12,24,21,24,16,17,15,16
0.93,0,0,0,0,0,0,0,0,0,0,0,0,0,0,2,1,3,5,4,6,4,6,6,3,7,7,7,3,7,8,8,8,9,8,10,12,13,7,7,7,11,8,7,8,12,13,9,10,8,9,10,11,10,10,11,12,11,11,12,12,9,12,14,13,15,20,10,16,19,16,13,9,16,24,17,14,14,9,12,14,17,14,13,18,21,16,22,25,14,25,19,13,15,16,20,17,20,18,22,25,19
0.94,0,0,0,0,0,0,1,0,0,0,0,0,0,0,0,3,2,2,3,2,3,3,3,7,4,4,3,6,1,4,6,7,6,8,2,7,7,9,7,15,5,5,11,8,7,10,13,8,12,13,18,5,8,8,10,10,15,18,17,11,12,12,12,17,11,12,13,14,15,14,17,20,16,11,16,13,12,19,16,19,19,14,18,16,15,25,14,27,19,19,21,29,22,25,16,18,18,21,25,19,18
0.95,0,0,0,0,0,0,0,0,0,0,0,0,0,0,0,0,2,1,2,1,2,2,2,6,4,3,5,7,3,8,5,4,3,5,9,6,3,5,13,4,8,8,4,5,4,8,7,10,13,9,11,15,10,7,8,7,7,7,9,8,9,8,10,11,21,15,21,18,17,15,19,18,16,15,13,15,14,17,18,13,10,19,19,14,16,12,21,6,20,16,18,25,21,19,15,19,24,19,14,15,19
0.96,0,0,0,0,0,0,0,0,0,0,0,0,0,0,0,2,1,0,0,2,1,3,3,1,1,1,2,1,8,4,1,5,4,1,7,10,5,7,4,9,5,9,9,6,7,7,5,8,7,10,6,9,9,11,9,10,7,9,7,13,10,13,7,12,9,14,8,11,12,15,9,14,14,17,12,13,13,9,12,13,14,14,9,16,9,15,18,20,20,14,15,10,21,15,20,18,12,20,15,12,18
0.97,0,0,0,0,0,0,0,0,0,0,0,0,0,0,0,0,1,1,0,0,3,2,5,4,3,3,0,3,5,0,3,1,4,6,4,0,5,4,2,2,6,2,5,5,6,5,6,4,6,4,2,5,8,9,7,5,8,7,11,11,12,15,21,9,8,6,11,14,10,10,12,14,10,9,15,11,9,9,9,16,17,15,18,11,14,15,11,15,13,17,12,15,16,19,14,14,12,16,19,18,16
0.98,0,0,0,0,0,0,0,0,0,0,0,0,0,0,0,0,0,0,1,1,0,1,0,0,3,1,4,2,1,4,4,5,4,3,3,7,1,0,4,3,3,5,3,4,8,4,7,5,3,3,5,2,3,6,8,8,7,9,9,8,10,6,6,11,10,9,9,12,11,12,10,7,11,11,15,17,13,13,19,15,14,12,11,18,19,13,11,12,16,16,18,13,16,22,16,20,24,18,16,19,19
0.99,0,0,0,0,0,0,0,0,0,0,0,0,0,0,0,0,0,1,1,0,1,1,2,0,0,2,1,0,0,1,1,0,2,3,3,1,7,5,5,3,2,1,3,6,1,4,2,3,7,7,4,5,7,3,6,7,6,6,3,5,8,9,9,8,9,11,9,7,8,9,14,14,15,11,14,15,19,22,20,17,14,12,12,13,13,15,18,16,15,9,17,18,12,8,20,17,15,19,24,25,22
1.00,0,0,0,0,0,0,0,0,0,0,0,0,0,0,0,0,0,0,0,1,1,1,1,3,3,3,3,4,4,4,5,6,5,5,5,5,6,9,8,11,13,13,12,12,13,13,15,16,15,17,17,18,17,18,18,20,20,20,22,21,20,22,23,24,25,24,26,26,30,31,29,31,31,38,34,36,39,39,39,42,49,53,55,54,58,59,61,63,64,71,68,71,75,78,79,81,84,85,87,88,93
